{
  "project_info": {
    "project_number": "790394782214",
    "firebase_url": "https://trackerchat-19da2-default-rtdb.firebaseio.com",
    "project_id": "trackerchat-19da2",
    "storage_bucket": "trackerchat-19da2.appspot.com"
  },
  "client": [
    {
      "client_info": {
        "mobilesdk_app_id": "1:790394782214:android:f57ca7407ed9f8c1453987",
        "android_client_info": {
          "package_name": "com.example.trackerchat"
        }
      },
      "oauth_client": [
        {
          "client_id": "790394782214-qjasdpta256g6eq5glb4cavln4kps7cs.apps.googleusercontent.com",
          "client_type": 1,
          "android_info": {
            "package_name": "com.example.trackerchat",
            "certificate_hash": "547336c864a90ab796f92361daf474a4206ea575"
          }
        },
        {
          "client_id": "790394782214-tq7vrogmhdat2c6adjgpf9a8us62ab7c.apps.googleusercontent.com",
          "client_type": 3
        }
      ],
      "api_key": [
        {
          "current_key": "AIzaSyBPN75nf0Udn18I1tNr_-BVURunhFvBNn4"
        }
      ],
      "services": {
        "appinvite_service": {
          "other_platform_oauth_client": [
            {
              "client_id": "790394782214-tq7vrogmhdat2c6adjgpf9a8us62ab7c.apps.googleusercontent.com",
              "client_type": 3
            }
          ]
        }
      }
    }
  ],
  "configuration_version": "1"
}